ID,Locus01A,Locus01B,Locus02A,Locus02B,Locus03A,Locus03B,Locus04A,Locus04B,Locus05A,Locus05B
Mama01,213,263,246,262,216,232,160,176,184,186
M01P1,223,263,258,262,216,224,160,160,184,186
M01P2,241,263,258,262,216,224,160,160,186,186
M01P3,205,213,248,262,216,234,176,176,184,189
M01P4,213,241,246,258,198,216,160,160,186,186
M01P5,225,263,246,248,216,226,154,176,184,186
M01P6,213,215,246,248,232,238,160,166,182,186
Mama02,237,239,248,254,210,224,180,182,184,186
M02P1,235,239,248,248,208,210,168,182,181,184
M02P2,235,237,248,248,208,210,180,186,186,186
M02P3,239,259,248,248,208,224,180,186,181,186
M02P4,237,243,254,258,210,234,182,192,184,186
Mama03,225,255,246,266,202,218,164,170,185,189
M03P1,243,255,242,266,218,228,164,184,186,189
M03P2,225,289,244,246,216,218,162,164,182,185
M03P3,225,255,252,266,202,220,170,176,185,186
M03P4,225,253,244,266,202,216,162,170,186,189
M03P5,255,289,244,246,202,210,164,174,182,185
Mama04,211,275,248,250,222,228,160,176,186,191
M04P1,245,275,248,248,198,228,160,178,188,191
M04P2,243,275,234,250,222,234,176,178,186,191
M04P3,211,221,250,256,210,228,162,176,186,191
M04P4,221,275,250,256,202,222,160,162,191,191
Mama05,221,271,248,252,206,224,168,192,183,186
M05P1,259,271,248,250,224,234,168,192,186,188
M05P2,221,255,250,252,204,206,154,192,183,188
M05P3,255,271,248,250,204,206,168,168,186,188
M05P4,255,271,248,250,206,234,168,192,186,188
Mama06,229,237,248,250,216,216,160,184,186,189
M06P1,215,229,238,248,210,216,164,184,184,186
M06P2,237,249,238,250,208,216,174,184,185,189
M06P3,213,237,238,248,216,224,174,184,189,190
Mama07,223,249,250,264,222,224,164,190,183,191
M07P1,245,249,250,264,222,224,164,170,191,191
M07P2,223,229,250,262,202,224,160,164,186,191
M07P3,223,253,252,264,222,224,164,190,183,187
Mama08,229,245,240,240,234,234,164,174,184,186
M08P1,205,229,240,256,224,234,160,164,186,186
M08P2,205,245,240,254,198,234,160,164,186,186
M08P3,211,229,240,248,220,234,174,184,183,186
M08P4,221,245,240,250,218,234,174,186,184,191
Mama09,243,273,254,268,216,226,182,192,182,186
M09P1,223,273,248,254,196,216,166,182,184,186
M09P2,203,273,264,268,226,238,164,192,182,186
M09P3,223,243,238,254,226,234,166,192,182,184
Mama10,253,263,252,254,218,230,164,204,186,195
M10P1,245,263,246,254,218,238,180,204,186,195
M10P2,245,253,248,254,218,234,164,204,186,189
M10P3,245,253,252,254,218,238,164,204,186,195
Mama11,233,249,250,252,204,218,166,196,182,188
M11P1,249,271,250,250,204,232,164,196,182,184
M11P2,235,249,250,260,204,226,170,196,182,182
M11P3,219,233,252,256,218,232,166,196,183,188
Mama12,231,257,252,262,212,224,168,202,182,186
M12P1,231,265,248,262,224,234,190,202,182,189
M12P2,247,257,254,262,224,236,156,202,182,186
M12P3,209,231,238,262,224,228,168,170,182,187
M12P4,231,231,248,262,224,228,156,202,182,182
Mama13,225,271,238,264,232,236,160,164,184,184
M13P1,225,235,254,264,216,236,164,172,184,184
M13P2,205,225,238,248,214,232,164,188,184,186
M13P3,247,271,250,264,214,232,160,182,184,184
M13P4,215,225,238,262,228,236,160,188,184,191
Mama14,239,267,244,258,228,228,162,172,180,184
M14P1,231,239,252,258,220,228,172,182,180,186
M14P2,215,267,248,258,214,228,162,176,184,190
M14P3,241,267,244,244,228,230,162,172,180,186
M14P4,233,239,244,252,220,228,164,172,184,188
Mama15,205,275,240,270,224,234,154,170,177,182
M15P1,205,263,240,254,212,224,168,170,177,190
M15P2,205,263,240,250,230,234,164,170,182,182
M15P3,205,263,254,270,212,234,168,170,177,190
M15P4,263,275,240,250,230,234,154,164,177,182
M15P5,263,275,254,270,212,224,154,164,177,182
M15P6,253,275,240,250,224,230,154,164,177,182
Mama16,221,229,238,248,216,232,162,164,184,186
M16P1,217,229,238,244,212,216,162,166,182,184
M16P2,217,221,238,244,212,216,164,168,186,190
M16P3,217,229,238,244,216,222,164,166,182,186
Mama17,235,243,238,238,224,232,166,166,183,186
M17P1,235,259,238,264,218,232,166,198,183,186
M17P2,235,259,238,264,212,232,166,170,183,186
M17P3,243,259,234,238,212,224,166,170,183,186
Mama18,203,233,246,250,212,224,178,186,185,186
M18P1,203,249,246,250,212,232,170,178,185,191
M18P2,203,243,250,258,212,224,186,186,182,185
M18P3,233,251,246,248,224,236,166,178,177,185
M18P4,233,251,236,250,224,236,180,186,177,186
Mama19,235,241,228,250,224,236,160,170,186,188
M19P1,241,241,250,252,206,236,160,170,186,189
M19P2,219,241,228,250,224,226,160,160,186,186
M19P3,219,241,228,260,226,236,160,170,188,189
M19P4,235,259,228,248,224,232,170,192,183,186
Mama20,229,271,234,250,208,236,172,182,186,189
M20P1,217,229,234,260,226,236,166,182,186,186
M20P2,217,229,234,260,218,236,166,172,186,189
M20P3,229,269,250,250,208,236,172,176,186,186
M20P4,213,271,250,252,224,236,162,172,181,186
M20P5,225,229,234,248,218,236,172,172,186,186
Mama21,235,245,246,254,214,214,154,162,182,186
M21P1,213,235,248,254,214,230,154,164,182,184
M21P2,213,235,246,250,214,230,154,164,184,186
M21P3,235,237,246,262,214,230,154,164,182,186
M21P4,237,245,254,254,214,224,154,164,186,186
M21P5,237,245,250,254,214,232,154,174,182,186
Mama22,253,257,244,258,204,232,160,170,185,185
M22P1,209,257,252,258,204,228,170,180,182,185
M22P2,223,253,252,258,226,232,168,170,182,185
M22P3,223,253,248,258,228,232,170,170,180,185
M22P4,223,257,252,258,226,232,170,170,182,185
Mama23,255,275,250,252,224,232,168,188,185,186
M23P1,255,259,250,252,232,232,168,180,186,188
M23P2,221,255,236,250,218,224,170,188,185,186
M23P3,225,255,236,250,224,228,168,190,185,185
M23P4,255,265,252,254,232,236,168,168,185,186
Mama24,225,251,248,254,224,240,160,174,184,184
M24P1,225,253,244,248,216,240,172,174,182,184
M24P2,251,261,244,254,216,240,160,172,182,184
M24P3,225,247,244,254,224,230,160,174,181,184
M24P4,247,251,244,254,216,224,160,160,182,184
Mama25,215,249,248,252,218,230,164,164,184,186
M25P1,215,249,244,248,226,230,164,178,184,186
M25P2,215,229,244,252,226,230,164,178,186,186
M25P3,229,249,248,252,226,230,164,178,184,186
M25P4,229,249,244,252,226,230,164,168,181,186
Mama26,205,221,254,254,222,234,172,176,184,188
M26P1,221,249,250,254,212,234,160,176,180,188
M26P2,205,265,234,254,234,236,160,176,184,184
M26P3,221,235,248,254,222,228,172,186,184,184
Mama27,227,253,248,254,196,216,164,180,184,186
M27P1,223,253,248,248,196,236,164,174,186,188
M27P2,253,263,248,266,216,228,160,180,186,188
M27P3,227,255,250,254,216,234,160,164,184,186
M27P4,227,253,248,254,196,236,164,174,186,186
M27P5,253,255,254,266,198,234,156,180,186,186